{"Camera_0": {"type": "camera", "position": [-0.10000000149011612, -0.20000000298023224, 0.6000000238418579], "look_at": [0.0, 0.0, 0.0], "up": [0.0, 0.0, 1.0]}, "static_scene": {"type": "obj", "filename": "static_scene.obj", "translation": [0, 0, 0], "rotation": [0.0, 0.0, 0.0, 1.0], "scale": [1, 1, 1], "color": [255, 255, 255], "visible": true, "joint_type": null, "screw_point": null, "screw_axis": null, "state_obj": null, "state_factor": null}, "Benevolence_1_int_kitchen_0_3 bottom_cabinet_no_top_16 1": {"type": "obj", "filename": "Benevolence_1_int_kitchen_0_3 bottom_cabinet_no_top_16 1.obj", "translation": [0, 0, 0], "rotation": [0.0, 0.0, 0.0, 1.0], "scale": [1, 1, 1], "color": [255, 255, 255], "visible": true, "joint_type": 0, "screw_point": [0.2596452534198761, -0.4235691726207733, -0.009590893983840942], "screw_axis": [-0.003480996936559677, -0.9999861717224121, 0.0028983878437429667], "state_obj": 1.5438398122787476, "state_factor": 1.0}, "Benevolence_1_int_kitchen_0_3 bottom_cabinet_no_top_16 2": {"type": "obj", "filename": "Benevolence_1_int_kitchen_0_3 bottom_cabinet_no_top_16 2.obj", "translation": [0, 0, 0], "rotation": [0.0, 0.0, 0.0, 1.0], "scale": [1, 1, 1], "color": [255, 255, 255], "visible": true, "joint_type": 1, "screw_point": [0.3650478720664978, -0.4530944228172302, -0.30019915103912354], "screw_axis": [-0.9999874830245972, 0.001457546721212566, -0.004873188678175211], "state_obj": -0.3636037808890528, "state_factor": 1.0}, "Benevolence_1_int_kitchen_0_3 bottom_cabinet_no_top_16 3": {"type": "obj", "filename": "Benevolence_1_int_kitchen_0_3 bottom_cabinet_no_top_16 3.obj", "translation": [0, 0, 0], "rotation": [0.0, 0.0, 0.0, 1.0], "scale": [1, 1, 1], "color": [255, 255, 255], "visible": true, "joint_type": 1, "screw_point": [0.3616485595703125, -0.45249995589256287, -0.2725100517272949], "screw_axis": [-0.9999969601631165, -0.00016893137944862247, -0.0015371735207736492], "state_obj": -0.38270334651427623, "state_factor": 1.0}, "Benevolence_1_int_kitchen_0_3 bottom_cabinet_no_top_17 0": {"type": "obj", "filename": "Benevolence_1_int_kitchen_0_3 bottom_cabinet_no_top_17 0.obj", "translation": [0, 0, 0], "rotation": [0.0, 0.0, 0.0, 1.0], "scale": [1, 1, 1], "color": [255, 255, 255], "visible": true, "joint_type": 0, "screw_point": [0.2883547842502594, -0.5152586698532104, 0.42201924324035645], "screw_axis": [0.0008316829917021096, -0.9999960064888, 0.0006339243263937533], "state_obj": -0.22457757592201233, "state_factor": -1.0}, "Benevolence_1_int_kitchen_0_3 bottom_cabinet_no_top_22 1": {"type": "obj", "filename": "Benevolence_1_int_kitchen_0_3 bottom_cabinet_no_top_22 1.obj", "translation": [0, 0, 0], "rotation": [0.0, 0.0, 0.0, 1.0], "scale": [1, 1, 1], "color": [255, 255, 255], "visible": true, "joint_type": 0, "screw_point": [-1.2261054515838623, -0.5276538133621216, 0.09506431221961975], "screw_axis": [0.0014523040736094117, -0.9999895691871643, -0.0010159275261685252], "state_obj": 1.5778217315673828, "state_factor": 1.0}, "Benevolence_1_int_kitchen_0_3 dishwasher_20 0": {"type": "obj", "filename": "Benevolence_1_int_kitchen_0_3 dishwasher_20 0.obj", "translation": [0, 0, 0], "rotation": [0.0, 0.0, 0.0, 1.0], "scale": [1, 1, 1], "color": [255, 255, 255], "visible": true, "joint_type": 0, "screw_point": [-0.8872085809707642, -0.21424420177936554, 0.8500818610191345], "screw_axis": [0.9998221397399902, -0.006575802341103554, -0.015377558767795563], "state_obj": -0.6496976613998413, "state_factor": -1.0}, "Benevolence_1_int_kitchen_0_3 fridge_27 0": {"type": "obj", "filename": "Benevolence_1_int_kitchen_0_3 fridge_27 0.obj", "translation": [0, 0, 0], "rotation": [0.0, 0.0, 0.0, 1.0], "scale": [1, 1, 1], "color": [255, 255, 255], "visible": true, "joint_type": 0, "screw_point": [-0.951164186000824, -1.536895513534546, -1.0372496843338013], "screw_axis": [-0.0006436730036512017, -0.9999973773956299, 0.0006213333690539002], "state_obj": -1.6126331090927124, "state_factor": -1.0}, "Benevolence_1_int_kitchen_0_3 fridge_27 1": {"type": "obj", "filename": "Benevolence_1_int_kitchen_0_3 fridge_27 1.obj", "translation": [0, 0, 0], "rotation": [0.0, 0.0, 0.0, 1.0], "scale": [1, 1, 1], "color": [255, 255, 255], "visible": true, "joint_type": 0, "screw_point": [-0.9402466416358948, -0.7108027935028076, -1.0303781032562256], "screw_axis": [-0.001193860312923789, -0.9999974966049194, 0.0007004581857472658], "state_obj": -1.5996061563491821, "state_factor": -1.0}}