{"Camera_0": {"type": "camera", "position": [-0.10000000149011612, -0.20000000298023224, 0.6000000238418579], "look_at": [0.0, 0.0, 0.0], "up": [0.0, 0.0, 1.0]}, "static_scene": {"type": "obj", "filename": "static_scene_17089537.obj", "translation": [0, 0, 0], "rotation": [0.0, 0.0, 0.0, 1.0], "scale": [1, 1, 1], "color": [255, 255, 255], "visible": true, "joint_type": null, "screw_point": null, "screw_axis": null, "state_factor": null}, "9488_floor_0_utility_room_0_9 washer_14 0": {"type": "obj", "filename": "9488_floor_0_utility_room_0_9 washer_14 0_88507.obj", "translation": [0, 0, 0], "rotation": [0.0, 0.0, 0.0, 1.0], "scale": [1, 1, 1], "color": [255, 255, 255], "visible": true, "joint_type": 0, "screw_point": [0.18046420812606812, -0.08293810486793518, -0.12375636398792267], "screw_axis": [-0.004958092700690031, -0.002550073666498065, 0.9999808073043823], "state_factor": 1.0}, "9488_floor_0_utility_room_0_9 bottom_cabinet_11 0": {"type": "obj", "filename": "9488_floor_0_utility_room_0_9 bottom_cabinet_11 0_156770.obj", "translation": [0, 0, 0], "rotation": [0.0, 0.0, 0.0, 1.0], "scale": [1, 1, 1], "color": [255, 255, 255], "visible": true, "joint_type": 0, "screw_point": [-0.12792405486106873, 0.1980942189693451, 0.09195216000080109], "screw_axis": [-0.001771880080923438, -0.00033704156521707773, 0.999997079372406], "state_factor": -1.0}, "9488_floor_0_utility_room_0_9 bottom_cabinet_11 1": {"type": "obj", "filename": "9488_floor_0_utility_room_0_9 bottom_cabinet_11 1_317245.obj", "translation": [0, 0, 0], "rotation": [0.0, 0.0, 0.0, 1.0], "scale": [1, 1, 1], "color": [255, 255, 255], "visible": true, "joint_type": 0, "screw_point": [-0.12780585885047913, 0.19804172217845917, -0.08568350225687027], "screw_axis": [-0.0016362504102289677, -0.0005771639407612383, 0.9999971985816956], "state_factor": -1.0}, "9488_floor_0_utility_room_0_9 bottom_cabinet_15 0": {"type": "obj", "filename": "9488_floor_0_utility_room_0_9 bottom_cabinet_15 0_281825.obj", "translation": [0, 0, 0], "rotation": [0.0, 0.0, 0.0, 1.0], "scale": [1, 1, 1], "color": [255, 255, 255], "visible": true, "joint_type": 0, "screw_point": [-0.11696280539035797, -0.08627074956893921, -0.05909624323248863], "screw_axis": [0.0008150798385031521, -0.9999937415122986, 0.0006417112308554351], "state_factor": 1.0}, "9488_floor_0_utility_room_0_9 bottom_cabinet_15 1": {"type": "obj", "filename": "9488_floor_0_utility_room_0_9 bottom_cabinet_15 1_261076.obj", "translation": [0, 0, 0], "rotation": [0.0, 0.0, 0.0, 1.0], "scale": [1, 1, 1], "color": [255, 255, 255], "visible": true, "joint_type": 1, "screw_point": [-0.055503779321616, -0.11099052430638436, -0.027846262928789854], "screw_axis": [0.9999605417251587, 0.007035794202238321, -0.0012548801023513079], "state_factor": 1.0}, "9488_floor_0_utility_room_0_9 bottom_cabinet_12 1": {"type": "obj", "filename": "9488_floor_0_utility_room_0_9 bottom_cabinet_12 1_221052.obj", "translation": [0, 0, 0], "rotation": [0.0, 0.0, 0.0, 1.0], "scale": [1, 1, 1], "color": [255, 255, 255], "visible": true, "joint_type": 1, "screw_point": [0.1502814389838387, 0.19298756437948342, -0.12734748553469605], "screw_axis": [0.0010024940129369497, -0.9999984502792358, -0.0006204735254868865], "state_factor": 1.0}, "9488_floor_0_utility_room_0_9 bottom_cabinet_16 1": {"type": "obj", "filename": "9488_floor_0_utility_room_0_9 bottom_cabinet_16 1_159565.obj", "translation": [0, 0, 0], "rotation": [0.0, 0.0, 0.0, 1.0], "scale": [1, 1, 1], "color": [255, 255, 255], "visible": true, "joint_type": 1, "screw_point": [0.21237159679352827, -0.19639512702806872, -0.12732114097675243], "screw_axis": [-0.9999986290931702, -0.0013569459551945329, -0.0002096316311508417], "state_factor": 1.0}}