{
    "joint_type": 0,
    "screw_point": [
        -0.2596452534198761,
        0.4235691726207733,
        -0.009590893983840942
    ],
    "screw_axis": [
        0.003480996936559677,
        0.9999861717224121,
        0.0028983878437429667
    ],
    "state_factor": 1.0
}