{
    "joint_type": 1,
    "screw_point": [
        -0.3650478720664978,
        0.4530944228172302,
        -0.30019915103912354
    ],
    "screw_axis": [
        0.9999874830245972,
        -0.001457546721212566,
        -0.004873188678175211
    ],
    "state_factor": 1.0
}