{
    "joint_type": 0,
    "screw_point": [
        -0.2883547842502594,
        0.5152586698532104,
        0.42201924324035645
    ],
    "screw_axis": [
        -0.0008316829917021096,
        0.9999960064888,
        0.0006339243263937533
    ],
    "state_factor": -1.0
}