{
    "joint_type": 0,
    "screw_point": [
        0.8872085809707642,
        0.21424420177936554,
        0.8500818610191345
    ],
    "screw_axis": [
        -0.9998221397399902,
        0.006575802341103554,
        -0.015377558767795563
    ],
    "state_factor": -1.0
}