{
    "joint_type": 0,
    "screw_point": [
        1.2261054515838623,
        0.5276538133621216,
        0.09506431221961975
    ],
    "screw_axis": [
        -0.0014523040736094117,
        0.9999895691871643,
        -0.0010159275261685252
    ],
    "state_factor": 1.0
}