{
    "joint_type": 1,
    "screw_point": [
        -0.3616485595703125,
        0.45249995589256287,
        -0.2725100517272949
    ],
    "screw_axis": [
        0.9999969601631165,
        0.00016893137944862247,
        -0.0015371735207736492
    ],
    "state_factor": 1.0
}