{
    "joint_type": 0,
    "screw_point": [
        0.951164186000824,
        1.536895513534546,
        -1.0372496843338013
    ],
    "screw_axis": [
        0.0006436730036512017,
        0.9999973773956299,
        0.0006213333690539002
    ],
    "state_factor": -1.0
}