{
    "joint_type": 0,
    "screw_point": [
        0.9402466416358948,
        0.7108027935028076,
        -1.0303781032562256
    ],
    "screw_axis": [
        0.001193860312923789,
        0.9999974966049194,
        0.0007004581857472658
    ],
    "state_factor": -1.0
}